x1,x2,x3,x4,y
0.283926033315245,1.28950322635767,1,0,0
1.34959179223978,-2.04758799296318,0,0,1
0.401708305627145,0.877191092872165,1,0,0
-2.06526662451317,0.744676118064762,1,0,0
0.562450782044005,0.274849363233123,1,0,0
-0.102073060104715,-1.61434288572251,0,1,1
1.03452251433285,2.09315980965864,1,0,0
0.234882773305192,-0.798099764505104,1,0,0
1.36395129091998,-0.294869395901768,1,0,1
-0.346659710769967,0.255471882000312,1,0,0
-0.0465784507889536,1.64423732157264,1,0,0
1.12701881990814,-1.69574385491636,1,1,1
1.34203010870755,0.301289509532399,0,0,1
0.713162670051624,0.371207111030961,1,0,0
-0.563208507276217,0.318064691726809,0,0,0
2.52649264902699,1.82190318947277,0,0,0
0.0106577731080805,-1.33857739202616,1,0,1
0.117856343487516,-0.475023851147213,1,0,0
-0.0511278996598402,0.230706765945568,1,0,0
0.891058598415838,-1.73045574212077,1,0,1
1.16188990962221,1.03154960032723,1,1,0
-0.514497761952593,0.466461925269768,1,0,0
-0.0587883108303682,0.772072228783767,1,0,0
2.39766035172918,-1.65843624019306,1,0,1
-1.13083244819056,-0.596399487547737,1,0,0
-1.02534079736499,1.76477337132064,0,0,0
0.448521833399127,1.53104092445912,0,0,0
-0.557823736347041,-0.642719445316905,1,0,1
-0.281572062514796,-1.67497258464366,0,1,1
-0.328110149891107,-1.09429242687402,1,0,1
0.174314752979604,0.701358021817869,1,0,0
0.0423894586138837,-1.17626900821638,1,0,0
-2.07230409663436,-1.88212392442565,1,0,0
-0.0646178862702785,-0.700299687401619,1,0,0
1.04968849552015,0.410548682808529,0,0,1
-0.0106927749323121,2.14363923397624,1,0,0
0.700397674459921,2.74344200869702,1,0,0
-0.591152678119556,-1.14552444188554,1,0,0
0.625599922868604,0.839509799638225,1,0,0
0.240822821668222,0.38103652578844,0,1,1
0.847129096706623,0.978307588594263,1,0,0
-0.525938749196231,1.93558259528054,0,1,0
-1.26280698042359,0.694473725245231,1,0,0
-0.174986835597957,-0.619775916491593,0,0,1
0.832348580334044,0.317503670614485,1,0,0
0.593711499764974,-0.551011646337069,1,0,1
0.139818956589223,0.669629497331814,1,0,0
2.23187528900057,-0.265883659226808,1,0,1
0.784658662302211,1.76143174203906,1,0,0
0.127184406968876,0.867224381146389,0,0,0
0.297799034218996,-0.468803666588672,0,1,1
-1.08538881596695,-1.60707495929597,1,0,0
-0.30567713392771,0.274841731332753,1,0,0
-1.59204982230391,-0.463882687805442,1,1,0
0.0210655090974125,-0.462161133933853,1,1,0
0.0231284504085465,1.01657106810946,1,0,0
-0.427904134382243,-1.0037897151921,1,0,0
0.391729610278011,0.586299059904219,1,0,0
-0.811667191285856,-0.230659684591213,1,0,0
1.11543707909685,-1.51956675387061,1,0,1
1.08946488172642,-0.426311850127294,1,0,1
-0.325183720664094,1.25714868546263,1,0,0
-0.580704273777918,-0.253034183821029,1,0,0
-0.891914889548362,0.106768308109017,0,0,0
-0.520982313905843,-0.105445194718806,0,0,0
-1.23979842768772,-1.16858649222079,1,0,0
-1.30320250464479,0.802561987787045,0,0,0
-1.25329302249692,-0.244057360464727,0,1,0
0.742506006026698,-0.994468475248668,1,0,1
1.40014801093425,-0.327547618284424,1,0,0
0.293281032433201,-1.41313273784243,1,0,1
-0.105216656198282,-0.2240707929184,1,1,0
0.112933328020427,-0.605784161128897,0,0,1
0.453591661848009,-0.0473133972389816,0,0,1
0.781148304027455,-1.4412484125614,1,0,1
0.142834981215252,0.158809796170206,1,0,0
-2.01954584972887,1.45204192825376,1,1,0
0.782817382879918,0.411824115509382,1,0,0
1.65454363908415,0.343568959911423,1,0,0
0.79843635529945,0.206895268410218,0,1,1
-0.200993641907907,0.112173826501079,1,0,0
0.541104810996196,-0.572004630886213,1,0,0
1.1353785979413,-2.19044613713274,1,0,1
-1.40815792056401,-0.894758099390608,1,0,0
0.0116106412450874,-0.0538625187612354,0,0,1
-0.287427194054176,-0.117117522869917,1,1,0
1.58295612878048,0.687183524094951,0,0,1
0.44116715981656,0.173521396287661,1,0,0
-0.576020550358448,1.04604271407584,1,0,0
0.284384099644433,0.661410631937998,0,0,0
1.02427949001417,1.63160207605153,0,0,0
-2.62426060052048,1.18909499622237,0,0,0
-2.47986434118482,2.66576919370367,1,0,0
1.62709753855738,-0.651752551288797,1,0,1
0.205177024786743,-0.789158441143527,1,0,1
0.221481830400092,-0.167599214385457,0,0,1
-1.26125719108828,-0.369541890942876,0,0,1
-0.504798303700415,0.460579211017731,1,0,0
0.339689695159417,-0.116253774257903,1,0,0
-0.230616701029406,0.433925766618652,1,1,0
-1.97766172386241,-0.400555996734153,0,1,1
0.602885730805768,0.0172274324320764,1,0,0
-0.238665684374525,0.164208621060395,1,0,0
3.21877823091545,1.25684874230117,1,0,0
1.36659234881539,0.195394575968385,0,1,1
1.27655175079074,-1.46993195851302,0,0,1
1.04345862888688,-0.848695766957038,0,0,1
1.24598873775486,-0.862241068276369,1,0,1
0.191180968554883,-0.835543376062809,1,0,0
-0.595500055586288,-0.460249559822677,0,0,0
-1.00010770824928,0.268816672688299,0,1,0
0.87764302850737,0.179752730477574,1,0,0
0.619438084454851,-0.653248475107649,0,0,1
-1.16689853130631,0.92363450277103,1,0,0
-0.375839107777138,-3.4977539868526,1,0,1
0.208992231474127,0.366492353053462,1,1,0
-0.166310392179288,-0.130731686837579,1,1,0
0.359678744314141,-0.444709644780664,1,1,1
1.15821132292204,0.391069869023455,1,1,1
0.182791777304557,-1.31761033369155,1,0,1
0.891355011226063,1.27060587064344,1,0,0
0.361300622776685,0.228407074003739,1,0,0
-1.12258084161206,1.34892304616197,1,0,0
0.0637434999145408,0.912156000772205,1,0,0
-1.12021365085249,-0.701599411212124,1,0,0
0.32204200782002,-0.420349688727901,0,0,1
-0.889498802442599,-0.405860902208269,1,0,0
0.464999629729784,0.509878110692715,1,0,0
1.16063018042813,-0.110191025178158,1,0,0
-0.465875693841276,0.0298196353777965,1,0,0
-0.433173635680152,-0.75744102540645,1,0,0
-0.405126143827196,0.52280441052983,1,0,0
-0.167043068510682,-0.525024074106331,1,0,0
0.47961964747175,-0.0368213020837127,1,0,0
-0.761902755470089,0.455681471495347,1,1,0
-1.54422553874513,0.774568408937423,1,0,0
-1.22185877914273,-0.979520102684092,1,0,1
-0.23343632525895,0.246730480666654,1,0,0
0.437930783834609,1.71274261661877,1,0,0
0.425292556708387,-0.0610063985248126,1,1,0
-1.32500696800683,-0.320913358407246,1,0,0
-2.29079763888106,-0.902493696952133,1,0,0
-0.15628980227271,-0.259134538688766,1,0,0
-1.32200995537453,-0.848787479030579,1,0,0
-0.297280137435822,1.21724078251665,1,0,0
-0.893382842153457,0.727690458433631,1,0,0
-0.652320435291455,0.984888271674303,1,0,0
-0.578729286984082,-0.610058677804902,0,0,1
-0.448873604795397,0.0109192544051768,1,0,0
2.65438214766859,1.00580307366905,1,0,0
-1.3057625698844,0.738591043775994,1,0,0
1.09897543533975,-2.03249939674412,1,1,1
-0.133869722113778,-0.593877974893373,1,0,1
0.969947960152614,-0.0614363873517411,1,0,0
1.04564305323155,-0.0135849822736136,1,1,1
-1.69844166153702,-0.259162053451443,1,0,0
-1.1687420569375,0.322758883526604,1,0,0
-0.40417552393032,-0.301191855683732,1,0,0
1.75128326148428,-1.11256842712213,1,0,1
-0.239697693081341,0.570408121074582,1,0,0
-0.269291567808992,-1.46988844412147,0,0,1
-0.190857520262259,-1.01550255914335,1,0,0
-0.372425903377234,1.16385162176612,1,0,0
-1.07862271377997,-0.535759215049359,0,0,1
-0.170945443900167,0.108021052497587,1,0,0
1.66516536691301,2.73829684343109,0,0,0
-1.84961774492976,0.00780590581194078,1,0,0
-0.167097846223414,-0.635850770895709,0,0,1
0.471101635085165,1.23085764984438,1,0,0
-0.398172963529369,1.06615392987352,1,0,0
-1.47058802521437,0.978852363723181,0,0,0
-0.515886431101162,-0.459326050209175,1,0,0
0.184612646392626,0.104804327378337,1,1,0
0.051252707653058,-1.77238676533628,1,0,1
-0.41714560362124,-0.828385816705558,0,0,1
0.866833789130804,1.22942927861101,1,0,0
0.796101755679522,-0.813954421449076,0,0,1
-0.605525948797231,0.502908777176785,0,1,0
0.241176063384422,-0.152742227091686,0,0,1
1.11745786674078,-0.338170158522244,0,1,1
-0.436023590017944,0.633236943369824,1,0,0
2.39484982694817,-1.28736352139724,1,0,1
-1.02918481589169,-0.133458531361476,1,0,0
-0.0234521783013809,0.361976421414455,1,0,0
-0.184401187885952,0.287702289993764,1,0,0
3.06864125918698,-0.505140112159414,1,1,1
0.672208638666243,0.764818783595133,1,0,0
0.0474995905339654,0.499799651918877,0,0,0
-1.08077621326958,-1.25231035710134,1,1,0
1.92284516028719,0.444206891243318,1,0,0
0.653828894026956,-0.444048305863665,1,0,0
-1.46362511507597,-1.7132141018243,1,0,1
-0.171866233157575,-0.440556499940906,1,0,0
0.819667841965042,1.4978104548207,1,0,0
2.53514009708489,-0.386078907902053,1,0,1
0.874100211996141,-0.741243279829507,1,0,0
0.250136786891101,0.754538897865447,0,1,1
1.03926332480698,1.5925587805647,1,0,0
-0.878805957342522,-0.211493991127142,0,0,0
-0.142874413279976,0.0723198515844394,1,0,0
-1.41646435514163,0.270954537687387,1,0,0
0.194306117752981,0.155285727213646,1,0,0
0.576242768427162,-1.1356123288788,1,0,1
-0.352388644113863,0.652118971453502,1,0,0
-0.997497727206435,1.09896586070081,1,0,0
1.23760909572737,-0.23680081996739,1,0,0
0.678979397175749,0.911477992690242,0,0,1
-0.919162315650099,1.31486961652692,1,0,0
1.11409713761838,1.37333442530626,1,0,0
-0.2122292562443,-0.696168678970227,0,0,0
-0.670209335066019,-1.27368776756642,1,0,0
0.382933265194031,2.30051305346326,1,0,0
0.335038213614133,-0.81470522292198,1,0,0
-0.432169010299726,-0.813061581042202,1,0,0
1.8636981851875,-0.852734576099606,1,0,1
-0.989154975039308,0.28555817399519,0,0,0
-0.867623199342545,0.180913509844671,1,0,0
-0.676839798776682,0.234190203663785,0,1,1
-0.905172935136565,-0.602585060202652,1,0,0
0.378856337420427,1.07036638774805,1,0,0
1.12118919328452,-0.545661134981201,0,0,1
0.850376619138889,0.0265689898165531,1,0,0
-0.328473591039656,0.257340653651787,0,1,1
1.34645901815333,-0.945961836557946,0,0,1
0.139811897207757,0.389029728087834,1,0,0
-0.289165431192217,-0.786180385337406,0,1,1
-0.0599214742129354,-2.35199716626608,1,0,1
-0.759400712754326,-1.53183493142508,1,0,1
0.859045606208444,-0.492943481339699,1,0,0
0.585419494639938,-0.106797494924549,0,0,1
-0.76094408601472,0.099348821500402,1,0,0
1.22730935587113,0.985515110559239,1,1,1
0.497795437883404,0.201360046461652,0,1,1
-0.0366765301943432,1.3435095944845,0,0,0
-0.49525686162546,-0.0733129943932448,1,0,0
0.844173764713589,0.673604371556993,1,0,0
-0.256367965527648,0.49381462119093,1,0,0
-1.14540169540759,-0.934498744432629,1,0,1
-1.86035765761126,0.674778460221561,1,1,0
-1.07170838864338,1.10828377682106,1,0,0
0.515053363857062,-0.176527896815221,0,0,1
-1.03753879094916,-1.58624294117508,1,1,1
-0.404599208265609,0.719595967298773,0,0,0
-1.37986450817047,1.81562348585269,1,0,0
-0.586261012186475,-0.0500733933095221,1,1,0
0.487191442241121,-1.7050208199845,1,0,1
-1.05035006518179,-0.42555025655594,0,1,1
-0.113078833664234,-1.55591102557212,1,0,1
1.12982249548336,-0.505249001513692,1,0,1
1.33798617147823,0.353800599739172,1,1,0
1.04964095659991,-0.0416378941735393,0,0,1
0.677622615974508,-1.50008505703088,0,0,1
1.4565665925998,0.786073616929591,1,0,0
0.194287517853937,-0.473096485849603,0,1,1
0.449277892642814,-1.80375205174211,1,0,1
0.384945268510271,1.3032049664189,1,0,0
0.682141821378144,0.406815932657783,1,0,0
1.65617122848068,-0.637530610472382,0,0,1
-1.11164657929755,-0.202560271175768,1,0,0
0.420520158602564,-0.0671341391944459,0,0,1
2.64326895644544,-0.512949272191916,1,0,1
-0.0846584056876922,-1.31108303526113,0,0,1
0.26052599730389,-1.5758029135254,1,1,1
-0.657040979448484,0.867916182021505,1,0,0
2.26643375848462,-0.434879964248276,1,1,1
0.869218009342887,0.883316806294572,1,0,0
1.33802328348232,-0.158879021851729,0,0,1
-1.4535263937695,-0.402808712920882,1,1,0
0.0397512483883462,0.879734673691489,1,0,0
0.344036212854127,1.17404764546361,0,1,0
-0.286479120465833,-0.441473312263802,1,0,0
-0.621273470481151,-0.569952579065465,1,0,0
-0.13092695130325,-1.2029743940918,0,0,1
0.446763999147445,-0.0763646719681844,1,0,0
0.146600521142473,0.21910154281042,0,0,0
0.319980747405826,-1.96454544001933,0,0,1
-0.0897222326568451,-0.142108534423602,1,0,0
0.642821961707913,0.178250046980283,1,0,0
0.411862942265039,0.75854571881656,1,0,0
-0.228538616787699,-1.44024246713691,0,1,1
2.26555550237467,-0.783793147648136,1,0,1
0.115298666635988,-1.21659201921562,1,0,1
-0.398729134092085,-1.7880976504929,1,1,1
-0.181845370635804,1.65428964982477,1,0,0
0.79080062324626,-0.0842598025339873,1,1,1
0.53804198891821,0.659163846838086,1,0,0
-0.535264903234046,-0.373571951314185,0,0,1
2.16513806108507,-2.12781266059797,1,0,1
0.0420286194899217,-0.72125439307227,1,0,0
-0.496263971972625,0.345465355190487,0,1,1
-0.098829856210408,0.338636418232469,1,0,0
-0.676467616796729,-1.42936751413932,1,0,0
-0.462606021617553,-0.405199825726419,0,0,1
1.19152986537379,1.05485192536951,1,1,0
1.04252311690777,1.43865653651496,1,1,0
0.243539521489976,0.684946248154944,1,1,0
0.362046717497888,-0.16457716280087,1,0,0
-1.32721890562647,-0.838412989034009,1,0,0
-0.0728765265362005,1.8319195876268,1,0,0
-1.57572481624134,0.132854758239487,1,0,0
1.34432082736173,0.418031418671618,1,0,1
0.880875773449829,0.872166360616934,1,0,0
-0.414332257971822,0.411849182987504,1,1,0
0.253635900648612,-0.662892960610762,1,0,0
1.18162644925323,0.367370329199895,1,0,0
-1.22130158062196,-0.412741199833648,1,1,0
0.699999810671325,1.43365110786002,1,0,0
-0.271001915688947,0.111664331950877,1,0,0
0.62190060317951,-0.486224837385684,0,0,1
-0.407039193718883,0.587121363392123,0,0,0
-1.38728280717752,-1.02634148312299,1,0,0
-0.550264390332757,0.241314693784369,0,0,0
1.16345580131109,0.810175065279979,1,0,0
-0.37671595822541,-0.358287355379121,0,0,1
-0.498043939523388,-0.304829132187574,0,0,1
-1.34463596589663,-1.60563081876599,1,0,1
0.357691488803616,0.75613541063739,0,0,0
1.51087625655949,-0.350458936635775,1,0,1
-1.17208317312743,-1.22055651603587,1,0,0
0.696037402967582,-0.844579188486825,1,0,1
-1.73588398998527,-1.1386186742142,1,0,0
-1.55984898851939,0.0993770317239385,1,0,0
-0.462813087524621,0.67478478977569,1,0,0
1.08966068035945,1.11593010536563,0,0,1
-0.411386540183674,0.241692065592999,1,0,0
-0.187522656763832,0.525577443485754,1,1,0
-0.664525363385316,0.102205124535159,1,0,0
1.05827422103655,-0.329110997292411,1,0,0
1.49894550515099,-1.13416647492605,1,1,1
-2.21743675743324,0.951006460739902,1,1,0
-0.353131167066326,-0.0335487953166991,0,0,1
0.910061598950597,-1.71867904419698,0,0,1
0.315701282010081,-0.591056381376422,0,0,1
0.0744269438548168,-0.102911642739322,1,1,0
0.520077463939228,-0.263797707619319,1,1,0
-0.141241880311622,-1.25821540655767,1,0,1
-0.120231532588136,-1.23222459965908,1,0,0
-0.546958736085838,0.827035659025125,1,1,0
-1.00731855921666,0.796517110284576,1,1,0
1.1185151051026,0.582083810132429,1,0,0
0.465289767390516,0.43385008417161,1,0,0
1.95509515742222,-0.814213398418481,1,0,0
1.81285685090687,-0.594787773274375,1,0,1
-0.0933051815595728,0.0815806986103388,0,1,1
0.194793349457234,-0.281374376014865,1,0,0
-0.199077079595068,-0.0859099528676319,0,0,0
-1.43499768111645,0.435286778704714,1,0,0
0.741525482569532,-0.947497545449684,0,0,1
-0.924643384511977,0.664110945181007,0,1,0
1.07047292599359,1.02436558798344,0,1,0
0.161092053824455,-0.0921297711425496,0,0,1
-0.805406007148187,0.383406368950019,1,0,0
-1.73242265897613,-0.19012595585917,1,0,0
-0.750684338015268,-0.776231740595913,0,0,1
0.498794208371032,0.0821259593865214,1,1,1
-0.763525176440103,0.807465592932587,0,0,0
0.5799683238575,0.273211201671472,0,0,1
-0.0361366504896236,0.869665976816263,1,0,0
-0.49190063668956,0.54916076877272,0,1,0
2.32365679477852,0.451084593295848,1,0,1
-0.279254390103963,0.586596792241824,1,0,0
1.01951104367445,0.342687849632796,0,0,1
0.411111850543898,0.244686851355336,1,0,0
-0.41244302279678,-0.849050312221528,0,1,1
-0.133384176889314,0.695336156571213,1,0,0
-1.14764288463808,-0.239397002534967,1,0,0
0.113214845935052,-0.173052131992393,0,0,1
0.0251588523942084,0.0953093063102496,1,1,0
-0.227862547038669,0.133991190324989,0,0,0
0.674852654014333,0.521246062118809,1,0,0
-0.292349893031664,1.22584186538,1,0,0
1.2821764416569,0.45223024482772,1,0,1
0.0225893247390881,0.0720634015316402,1,0,0
0.253226875042178,-1.74666013950646,1,0,1
-0.177856361762876,-0.742254508627278,0,1,1
0.205571439225725,-0.712293705453443,1,0,0
0.00541101809970695,-1.35463284602324,0,0,1
-0.708745425860099,-0.177460105957078,0,0,0
0.238681782100724,-1.63134293454437,1,0,1
0.973857577418533,-0.761453927991587,0,1,1
-0.292494795234878,-0.654275855901424,0,0,1
1.24264058654166,0.151909822441226,1,0,0
1.59935504077876,0.147967495537012,0,0,1
0.625364213193667,-0.920140053268259,1,0,1
-1.40469128709704,1.45541420747109,1,0,0
0.481551042395341,0.519492363519665,1,0,0
-1.78525099897796,-0.501917149148467,1,0,0
0.100760399354203,0.683245061500065,1,1,0
-1.00913322126275,1.15323508299738,0,0,0
0.676640993689507,-0.226603969347346,1,0,0
-1.09872571608684,1.43249576180173,1,0,0
1.47846767296348,-0.160529560244882,1,0,0
0.846167606502097,0.0434494360978925,1,0,0
-0.413957929894958,-0.80660328116347,1,0,0
-0.905755846905694,1.03537652538093,1,0,0
-0.649882336756281,-0.926208294785056,1,0,1
0.819427471543394,-0.218397299073488,0,0,1
0.673674315063901,-1.27020240125904,1,0,1
-0.53445718963976,0.468675084549097,0,0,1
-0.506951022679932,1.01409903281453,0,0,0
0.703591296700988,-0.398171773601185,1,0,0
0.849199172649239,0.893768193353296,1,0,0
0.218512385266911,-0.577594215231866,0,0,0
0.242633969088369,-0.0457928940800826,1,0,0
-0.968047145467712,-1.04502065637642,1,0,0
-0.119097748296559,1.1031404258525,0,0,0
1.2949449563407,1.34606425409347,1,0,0
-0.8116352221025,-1.99383843996462,0,0,1
-0.763996334100296,0.0926404816337956,1,0,0
0.233293110682827,-1.11999857535892,0,1,1
1.19441771602004,0.0315705633274195,1,0,0
-0.927192570530431,-0.186216608815861,0,0,0
1.44325598512712,-0.986060915979836,0,0,1
1.31626352813944,1.39449562481678,1,0,0
2.48024517904324,0.69841491616693,0,0,1
0.470231011383167,2.63462832323748,0,0,0
0.192214905256255,-2.15758233151437,0,0,1
0.7485312241967,0.844741746765998,1,0,0
-0.96483790077399,0.28728937428169,1,1,0
-0.261175459239422,0.746125214098291,1,0,0
-0.0924455293317109,1.87553316977799,1,0,0
-0.145873042364493,0.318952103619591,0,0,0
0.67456624163776,-0.662372451321535,1,1,1
-0.145284511066517,-0.788741540620162,1,0,0
-1.32702951424178,0.67035715927924,0,1,0
-0.438392806884043,-1.50066815766897,1,0,1
-0.787482708856232,-0.725598581034016,0,0,1
0.57506250371703,-0.486966471562175,1,0,0
-0.0691311409254098,0.437669247777343,0,0,0
1.04648010901075,-0.245229706372355,0,0,1
-1.11020776773068,0.456232414041953,1,1,0
1.19252947674793,-1.42468876017099,0,0,1
-1.62490410893932,1.12196222365525,1,0,0
-0.33215045292286,0.574761503408514,1,0,0
1.26851857586494,-1.53642790122568,1,1,1
1.67628445797462,-0.526608455359208,1,0,1
-0.594897290225666,1.25811505064575,0,0,0
-0.91604369743696,-2.48462315829915,1,0,1
-0.610490968128332,-0.646553741111734,1,0,1
-2.69343509717678,1.49001294050838,1,1,0
0.376031574808509,2.31746336234984,1,0,0
-0.727978064435968,-1.74220845593418,1,1,1
-1.77152845897788,-1.25778486182277,1,0,0
-1.00361993794528,-0.514387385020743,0,0,1
1.14522359438427,0.162636229888486,1,1,0
-2.07159548618043,0.136291597578065,1,1,0
-1.51586406216598,-0.3290763807434,1,0,0
-1.12934659444357,-0.971364837012333,0,0,1
-0.338827506206785,1.08412384315098,1,0,0
0.789851524352401,0.616732535525711,0,0,1
2.22695735498825,-0.701001938656425,0,1,1
1.53125581450442,0.527633618439357,0,0,1
-0.181943283887,0.181878325367093,1,0,0
1.08371836251693,-0.488084867775053,1,0,0
-0.472243674775923,1.84461072290138,0,0,0
-0.536037134906089,-0.516179752633022,0,0,0
0.950223724516091,-0.517230211929557,1,0,0
0.252504380423542,-1.72715851521714,1,1,1
0.612659848606016,-0.0142523529278223,1,0,0
-0.578223181083165,-1.18035680324005,0,0,1
-1.10597814416311,-1.46054557903649,1,0,1
0.0370043189691726,1.7837686389706,1,0,0
1.60144469578446,-1.50011440180297,1,1,1
0.288245873871344,-0.108977877525926,0,0,1
-0.106564298498082,1.14782570892671,1,0,0
-0.182225536735669,0.240013207524989,1,0,0
0.537670652774985,-2.03932906222532,0,0,1
0.396445004950608,-1.37410411394148,0,1,1
-0.473400268350535,-0.136464457339271,1,0,0
0.497473660653063,-0.541071309861189,0,0,1
0.946211383565539,-0.951690922878349,1,0,0
-0.441649473831826,-1.10524735821885,1,0,1
-0.523645369909507,0.299973605258472,0,1,1
0.742342829682339,0.654177626291549,1,1,0
1.35277796207389,-0.25259316187411,1,0,1
0.390155280338453,0.403949446338524,1,0,0
0.880139981765763,-0.569955532046303,0,0,1
-1.57992577951617,0.609140711118751,1,0,0
0.77811415435272,0.505923742829632,1,0,0
1.54106814825309,-1.08660141676099,1,0,0
-0.811079797439596,-0.69014050295871,1,0,0
1.61883604506609,0.212780292098867,1,0,0
0.789241987451155,1.53649578665352,1,0,0
-1.37875105604277,-0.277783856928434,0,0,0
-1.18432079739441,1.55824662354518,1,0,0
-0.179052973146275,0.5520875065624,0,1,0
-0.442296489827401,-0.404332639109756,1,0,0
-0.100728628732627,0.4879550469893,1,0,0
1.50447211203171,-1.18299164836399,1,1,1
0.138618290916093,0.802769122984938,0,0,0
0.350560476830202,0.136467480065808,1,1,0
-0.203934371924263,0.146246769812384,0,0,1
-2.53320561660034,0.122531864281969,1,0,0
0.461749066877173,0.454117034795051,0,0,0
0.796108130483886,1.49407133259261,1,1,0
-0.476911201557773,-1.82552536740864,1,0,1
-0.162982375965803,0.0204805030106528,1,0,0
0.901206504413922,-0.999165916073106,1,0,0
-0.395444816293972,1.85412636577425,1,0,0
-0.132316081483777,-0.573297531271807,1,0,1
0.625608203564314,0.670635454969313,1,0,0
-0.520516793348153,0.921944841782324,0,0,0
-1.1302696322281,-0.562476151138476,0,0,0
0.494424121394992,0.836954993052498,0,0,0
0.0817374477671821,-0.306242256390379,1,0,0
-0.0722710136031085,-0.244096952420437,1,1,0
-0.180097910494201,1.95117851843905,1,1,0
0.0504237746849623,0.295819827407209,1,0,0
0.533140533899459,0.324717313658574,0,0,0
-0.166045612932148,-0.514903854579485,1,0,0
0.194743331515575,0.0953285522619451,1,0,0
1.30568809290977,-0.659884937055403,1,0,1
-0.257112266594222,0.119044539935066,0,0,0
0.0735201011574861,-1.14230488970175,1,0,1
0.760819117798889,-0.262192322265887,0,0,1
0.417230420382965,-1.74757067225736,1,0,1
-0.882662071709985,-0.698156566442349,0,1,1
0.414478648975263,-0.0953922714048639,1,1,0
0.561281465486951,-0.350335172584327,1,0,1
-0.182899303655618,0.107110513955507,1,0,0
0.175583465824661,0.674315596355011,1,1,0
2.15062124109749,-0.0808649356662859,1,0,1
0.41904554646808,-1.37691568526212,0,0,1
0.53348218296383,-0.40697911651557,1,0,0
-0.688147166667482,-0.534931377389808,1,0,0
1.03071133444807,-0.41950247144434,1,0,0
-0.016287930743299,1.52507782635761,1,0,0
0.614830870295294,-1.18456192320287,0,1,1
0.378825442336565,0.979818304412936,1,0,0
1.14713797653772,-0.943662284912738,0,0,1
0.288785724469308,-0.70114791804251,1,0,0
0.499768708445901,0.422074668745013,1,0,0
-1.6386715964065,-0.180251594373646,1,0,0
-0.821785050640499,-0.880219504870799,1,0,0
-0.412814926119381,-1.09359470291054,1,0,1
-0.572504545961644,-1.30107322642722,1,0,0
-0.42999642369192,-0.8416094856523,0,0,1
0.0576850383786591,0.123598940028698,1,0,0
-1.59231762164274,-1.75024930297679,0,0,1
-1.57418071580613,-2.01268094787048,1,0,1
1.06001440839528,0.308684104297026,1,1,1
-1.20059216454373,-0.0962527767126554,1,0,0
-1.47692446832371,1.15844897848393,0,1,0
0.771806584767129,0.708499851706305,0,0,0
-0.0450727885166006,-1.16859401527936,1,0,1
0.328828771324838,-0.821228940861659,1,1,0
1.81361135012294,0.645510174697141,1,0,0
1.94688949411308,-1.83292562754565,1,0,1
0.687383856398019,1.97861038819645,0,1,0
-0.0233555714022288,-0.679372304066669,1,1,0
-1.66967126561225,-0.329362148857786,1,0,0
-0.863033330274545,1.63565780682137,1,0,0
0.494104270819979,-0.0963719353010983,1,0,0
-0.977938057883503,-0.955484595280175,1,0,0
1.59609648056432,-1.08410067769461,1,0,1
-1.43671456675282,-1.11342011050262,1,1,0
-1.79620188197928,0.667311966004893,1,0,0
-0.106824131644199,-2.61002623775794,1,0,1
3.17447888444324,-1.90996078439146,1,0,1
0.826994953394346,-0.584431403196196,1,0,0
1.67310891992404,-0.789062250939432,0,0,1
-1.35581424086949,-0.655484498632024,0,0,1
-1.89096408933315,0.123945266803586,1,0,0
-0.193503838976982,-1.04035911313162,1,0,0
1.03799111641418,-1.02047878284362,1,1,1
-0.761713784890113,0.517267127120197,1,0,0
2.00453026893554,-1.26478643420455,1,0,1
0.161626879617424,1.20563420590867,1,1,0
-0.707556042835002,0.891473855801064,1,0,0
-0.664734933865076,1.33841521425591,1,0,0
0.0188649451913989,0.850423726311934,1,0,0
-2.01469529394676,-0.741518560253572,1,1,0
1.86127135069648,1.64010441479974,1,0,0
0.263542069328004,-0.270211805501281,1,0,0
0.177687884692455,-0.0922463104610903,1,0,0
0.199381832771782,0.921628980953403,1,0,0
0.0846539446304726,-0.425625734555212,1,1,1
3.10027692484806,-0.617503187630486,0,0,1
0.944329960293201,-0.0264066321555735,0,0,1
-1.03481416004261,1.18370214246463,1,1,0
-0.294778536240565,1.90767028077675,0,0,0
0.109214956958166,-1.19669356965788,1,0,0
0.0890248142576909,1.36232175605382,0,0,0
-1.48816133747134,-1.31569112088837,1,0,0
-1.72182360032021,-0.179679707399583,0,0,0
-0.525488125857993,0.319631736011586,1,0,0
0.938588033029301,-0.588258784535007,1,0,1
0.242792370234669,-0.218388476341696,1,0,1
-1.35170245569781,-1.13670314738514,0,0,1
-0.321954125721905,0.674789544253904,0,0,0
0.754675172830569,-0.794364331778326,1,0,1
0.924125206338157,-0.606211790343184,1,1,1
0.453247001037951,0.27475405304106,1,0,0
-0.0491215859448315,-0.0932120931478371,1,0,0
0.433995311624845,0.0335956685190336,1,0,0
1.09018308356002,0.0060405932682988,1,0,0
-0.957134364203567,-1.60995421618829,0,0,1
1.44249644572316,-0.618099062744704,0,1,1
1.86123780836691,0.340574967007505,1,0,0
-0.527543176854203,0.963324050521576,1,0,0
1.60613438103221,0.636384466658121,1,0,0
0.646528692088852,-0.291152783051482,0,0,1
-1.12950662053568,-0.74766028140426,1,0,0
0.935718130637907,-1.59243685429769,0,1,1
-0.0098095485836004,-0.847836713408335,1,0,0
-0.1473572523152,-1.20898487534194,1,0,1
-0.533638570471674,1.89529659580437,1,1,0
-1.46698800349386,-2.22589207566131,1,0,1
-0.141706697363396,-0.0190237324641332,0,0,1
-0.950905262002965,-0.980304532260073,1,0,0
0.107861221023523,0.0568093846623461,1,0,0
0.392314666080276,-0.449638143118359,1,0,0
0.0793043923098931,-0.463231607097782,0,0,1
-1.1968506069728,1.42709049994448,1,0,0
0.547553129663652,-0.569700876384122,1,1,1
-0.208405887516912,-0.643684468100712,0,0,1
-0.837494330833647,-0.19660258689484,1,0,0
0.921307329893298,0.139554115335639,1,0,0
-0.714818153429438,-0.037810526584117,0,1,0
-0.439935080851754,1.6052957140709,1,0,0
-0.722448497835377,0.323959362101019,1,0,0
0.373338227583258,0.352345723277654,1,0,0
0.293578170131429,-0.524112594022461,1,1,1
0.605293175938184,0.5299464651807,1,0,0
1.80632705749366,-0.693065763091637,1,1,1
2.64091084185002,-0.831180235177597,0,0,1
0.148611700135626,-1.08921165338463,1,0,0
0.315816193379488,0.890750520514976,1,0,0
-0.185539454816162,-1.07782290128377,1,0,0
-0.0136162693107762,2.18703516162024,1,0,0
1.558027294273,0.246519948663588,1,1,0
2.43454504156369,0.62612563312284,1,1,1
-1.69457424172632,-0.703134208832292,1,0,0
-0.826344890516503,2.35057371331302,1,1,0
-1.73374519513028,-0.101443137216847,1,0,0
1.66060364638165,-0.388055900444232,1,0,0
-0.211911225672065,-1.46341095222157,0,0,1
0.395911049366893,0.207012462414882,1,1,0
0.091574102240843,1.30856252340835,1,0,0
0.419934488899547,-0.665158468264354,0,0,1
0.582782466349115,0.782525202840573,1,0,0
0.530398262178079,0.421708853369213,0,0,1
0.40633482831604,1.04756793571258,1,0,0
2.14495410464083,-1.90100160513397,1,1,1
1.70032879258693,0.901878808462526,0,0,1
-0.661022650621608,0.261113173422674,1,0,0
0.694469712315467,-0.614135684531858,0,0,1
1.42753684964743,-0.687405527976565,0,0,1
0.772963307253179,1.92943070837315,0,1,0
0.441131693909842,0.986279975748963,0,1,0
-0.579216439054957,1.01632128116022,0,0,0
-0.187633181464805,1.06499517700726,1,0,0
-0.595268014272998,0.202642851533703,0,0,0
0.212619467552482,0.387595463491233,1,0,0
-1.17721626176771,-1.34419690825781,1,1,1
-0.390859396979825,0.0131140778734677,1,0,0
-1.92268257668281,0.526788988883823,1,1,0
0.334385870353544,0.661900324451173,0,0,1
1.82606454672371,-0.766647998721133,1,0,1
-0.963092378027984,-1.68924071532728,1,0,0
0.123464577850557,-0.167435424300268,1,0,0
-0.337535007332285,1.73817435106798,1,0,0
-0.89312163299521,0.291915664215652,0,0,0
-0.241977642194176,-0.091088608229166,1,0,0
-0.0316956722295966,-0.748467233404005,1,0,0
0.449450713574429,0.922922478904387,1,0,0
-0.682086198939914,-0.099016735133589,0,0,0
1.18690523957906,0.418815250624256,1,0,0
1.50742260105584,0.418382624010694,1,0,0
0.256163135554269,0.0878023187603412,0,1,1
-0.35383104956011,0.414740680098944,1,0,0
0.741014216044693,0.242255170218789,0,0,1
1.68670470147433,-2.40616833786155,1,0,1
1.14372296385708,-0.719816137580462,0,0,1
0.941167789025453,-1.13204830569006,0,0,1
2.20232686958155,0.206999712502087,1,0,0
0.846764059125358,0.0172160888182117,1,0,1
-1.09182752769366,-0.405756582509461,1,1,0
-0.355732870859216,-0.085838182860523,1,0,0
-0.987763863444998,-1.29284137433418,0,0,1
-0.221710666416855,0.0407630384052105,1,0,0
-0.444368910800107,-0.853581568288615,0,0,1
0.131478923343895,-0.543052766575563,0,1,1
0.372844201692081,-0.42184848381682,1,0,0
-0.504738660505003,-1.12441598919165,1,0,0
1.8190474759941,-1.26743603983647,1,0,1
-0.366039309434408,0.49043859555066,0,0,0
0.847434521248789,0.419338206451817,0,1,1
0.804055617402789,-0.104768988569714,1,1,1
-1.25671880859024,-1.65472549193973,1,0,1
-0.118193605113283,-1.51850988323992,0,0,1
0.582770624032344,1.5146305361875,0,0,0
-0.245262010043436,0.710259250749369,0,0,0
-0.453898960201474,-1.84539766728249,0,0,1
-0.527994976183856,0.237558084634989,1,0,0
1.93656448166463,0.145029998384181,1,0,1
-1.77734638917542,-0.820743304754325,1,0,0
0.12669948333982,1.54431225936556,1,0,0
0.420059852317628,0.280387242035031,1,0,0
0.208593088894934,0.857775054774921,0,0,0
1.22025820791649,-0.198008157783062,1,0,0
0.331479277912421,1.43304534602126,1,1,0
0.0327458269055429,0.0549239109849365,1,0,0
-0.116327967770797,0.287988705595744,1,0,0
0.42495407993858,-2.15028407326495,1,0,1
0.667458349251572,-1.83853779633994,1,0,1
0.34705312552538,-1.23292332519514,1,0,1
0.239120140173445,-0.82224664364487,0,1,1
1.78729840856933,1.69352861317152,1,0,0
-0.400756913311594,-1.45575670062822,1,1,1
-0.159500565441043,0.0241010724457764,1,0,0
1.11286524177798,0.0254575075769771,0,1,1
1.19583728272329,-1.71052594755487,1,0,1
0.744477000648878,1.06666794514723,0,0,0
1.90208004443839,0.75184688429865,1,1,0
-0.309796182503302,-1.66668642638034,0,0,1
-1.70967540686124,0.481573424141699,1,0,0
-0.238795231495681,0.0880859453999624,0,1,1
-0.429976219170856,-0.285120171921844,1,1,0
-0.165845075976907,-2.50649427591878,1,0,1
-1.50093716190193,0.453564322592335,1,0,0
0.00450384620898659,2.30543385188644,1,0,0
-1.76904552539427,-0.672001444045169,1,0,0
1.80087674877242,0.514980766214897,1,0,0
0.177308942444419,-1.65596774075402,0,0,1
-0.0698985730346292,1.15177070804341,1,1,0
0.9460461139451,-0.401066142235253,1,0,0
0.255112780189389,-0.061203713194447,1,0,0
-0.689011265551588,-0.875182849360147,1,0,0
-2.32248744676307,-0.380952554026646,1,0,0
-0.0538720741414583,-0.378200945997699,0,0,1
2.08195072833979,0.296461586572324,1,0,0
1.10191668941455,0.967206654075873,1,0,0
0.367685378876897,-0.288917515393798,1,0,0
1.32936624970664,0.47798251684831,1,0,0
0.893372080321861,-0.844415708457609,0,0,1
0.369760672521492,-0.331371580375722,1,1,0
1.89567466825818,-1.38161830973511,1,1,1
-1.10919189448546,-0.898221189732055,1,0,1
2.40347849308887,2.39321303463896,1,0,0
-0.912561951874268,1.58572840523423,0,0,0
-1.26750329927335,-0.832617739779401,1,0,1
-0.665901996468365,-0.580769719907439,0,0,1
1.1199649213468,0.254924360135087,0,0,1
0.599369742452897,-0.450002986276907,0,0,1
1.18183750953396,0.434859025304889,1,1,0
-0.140591222754043,1.18597696144859,1,1,0
-0.88454515005491,1.38979534582044,1,0,0
0.352964433834819,0.0637549411467892,1,0,0
-0.642864477829717,-0.959457476115701,1,0,1
-0.209384620658811,-1.65015801642405,0,0,1
-0.203465509045193,0.983701705579182,0,1,1
0.662316795589696,0.331872805743459,0,0,1
-0.354952719354457,-0.101972707025331,1,0,0
1.48113603226131,-0.344284001642856,1,0,0
-0.238528666247492,0.146464582407958,0,0,0
0.951766438907112,-0.855805457489674,1,0,1
-0.361423360261249,0.522117726279656,1,1,0
0.826053277568521,0.833946980198764,0,1,1
-1.86752584784878,-0.708003828758922,0,0,1
2.25196802703596,-0.213305064811834,0,0,1
0.528487535691254,-0.713489528939765,1,0,1
0.010762402558791,-0.0251255737213243,1,0,0
0.634745236770401,0.88061207089983,1,0,0
0.316883551853464,1.79739940892161,1,0,0
0.685002218782926,1.08703028797092,0,0,1
0.88609982531607,-1.22088884968074,0,0,1
0.839194202675722,0.184003332849313,0,0,1
0.887534246590919,0.602014291464102,1,0,0
0.0616727927740705,-0.429931385955902,1,1,0
-0.726324456637893,-0.413518908766185,0,0,1
0.426639649693684,-0.152955974759167,0,0,1
-1.93458649607702,-0.963147308362408,1,0,0
-0.514936257174711,1.04894353863574,0,0,0
1.10218606853935,0.0935311895043506,1,0,0
0.0178630647420102,-0.0258954015282473,1,0,0
-0.546858268567273,-1.19653907744844,1,0,1
0.698951063014997,0.529905606555984,0,1,1
-0.757446964914528,-0.157621976984091,1,0,0
0.28582646544309,-0.0834049032892887,1,0,0
0.600628345523006,0.833866089298945,0,0,0
-1.58920945553198,-1.27940429215678,0,0,1
-0.855112888005204,0.134928896509511,1,0,0
-0.30798973897494,1.22974108748879,0,0,0
-1.97452549391816,1.07323604620485,1,1,0
0.9272688912037,0.589993250082881,1,1,0
-2.11113932488404,1.39751002479454,0,0,0
1.15685971852498,0.611092853440873,1,0,0
0.174176296490852,0.0194800469129649,0,0,1
-0.118544635078761,-1.23954100954524,1,0,0
-1.00386905981118,2.28129952090281,0,0,0
0.444331883923272,-0.947190836846601,1,0,1
2.36532806059336,-0.0785927814257142,1,0,1
0.279892331635234,0.822808114667785,0,0,0
-1.575576459222,-1.20118293668888,1,0,0
0.785730603166591,-0.830008839408293,0,0,1
1.02219651496738,-0.438048656037216,1,0,0
0.279918413713961,0.27586946824113,0,0,0
-0.269058539551044,-0.609144233462799,0,0,1
-0.31409412293693,-1.1305517681003,0,0,1
-0.33825305653989,0.17856965251,1,0,0
0.463520854992389,-2.69106832755657,0,0,1
-2.00771755804265,-0.251139987883111,1,0,0
-0.892283191273282,0.681790384618468,1,0,0
0.681383419839596,-1.26173057593623,1,0,0
-1.51760157719172,-0.278360861764364,1,0,0
1.34744715288,1.32267610402271,1,0,0
1.11927725216437,-0.767763782408803,1,1,1
-0.789707700974107,-1.19534283705304,1,0,0
1.47825866768229,1.03497661227988e-05,1,0,0
-1.08888462326956,1.34854939042576,1,0,0
0.279916676636907,0.685940542864754,0,0,0
2.26934062099011,1.55567186819388,1,0,0
-0.132268756231306,0.228007845170466,1,0,0
1.1206637377655,0.197338757115784,0,0,1
0.625484543343965,0.180417777615349,1,0,0
-1.29414628971832,-1.14566760236694,1,0,0
0.373784196963273,2.04858010301944,0,0,0
-0.838502213040825,0.379246122161404,0,1,0
0.810688775387722,-0.887136270046359,1,0,0
-0.538022369299155,-1.64402418240679,0,0,1
1.38255790229083,-0.535625425304268,1,0,0
-1.28905224029801,1.14615036491734,1,1,0
-1.75693828197352,0.272146088249091,1,0,0
-0.611484553497345,0.241949060646405,1,0,0
-1.43114622969226,0.536599543491298,1,0,0
-0.399369337309821,0.570917639385812,1,0,0
-0.268811112833519,0.529867567009195,1,1,0
-0.973404166377612,1.18823721199895,1,0,0
0.588372122977961,-1.39980623609504,0,0,1
-0.0365570296689628,-1.20348392443183,1,0,0
2.5837821666958,-0.280270832584238,1,0,0
-0.125637991073523,0.113678571186188,1,0,0
-0.217319499057967,-0.436470804610385,1,1,0
-1.37221248660985,0.0918991748611145,1,0,0
-0.434300833306913,-2.48330775726355,1,0,1
0.799206013061263,-1.15210740502279,1,1,1
0.482196631164928,-1.41834320597307,1,0,1
-1.31769236619633,0.447804092428028,0,0,0
-2.37580841025623,1.18567800595966,1,0,0
1.23744463798122,-0.560429296342022,1,0,0
2.48897025625108,1.90318652740638,1,0,0
2.22372350400114,-0.913136535035274,1,1,1
-1.54014679973733,0.772539061143618,1,1,0
-1.20042969460005,0.489331973524422,1,0,0
0.182007966361828,1.43476414971822,1,0,0
0.395972356912216,0.481265770536424,1,0,0
-1.31776833301707,-1.65878218504868,1,0,1
-0.650606404469625,-0.775740080225076,1,1,0
-1.70336472784341,-1.13379893135778,1,0,0
0.421315465277454,-0.541261786920446,1,0,0
-0.996782906388345,0.955281460062622,1,0,0
-1.48820394642047,-2.06133459692725,1,1,1
-0.895462450128934,0.251418340182581,1,0,0
-2.03564293051652,-0.973555151428359,0,1,1
1.72267120079932,1.42258241589653,1,0,0
0.664437603099525,-1.39820809902887,1,0,1
0.706863150667773,0.926747873332838,1,0,0
-1.10571508543332,0.635875163372423,1,0,0
-0.570904258692156,-0.462904915278801,1,0,0
-0.671578062245073,-0.683054952389754,1,0,0
-0.743810947432132,0.95260305600344,1,0,0
-0.545021173385823,1.22802497000404,0,0,0
-1.04689130307287,2.78976710186364,0,0,0
1.24185145942908,-0.302159627207537,1,0,0
-2.07082603838644,0.951798792346534,0,0,0
0.103304528541543,0.135389947828589,1,0,0
-0.554726026866219,-1.18603052766952,1,1,1
-2.44019401773186,-0.256953752230479,1,0,0
1.04062105458893,-0.275589761356784,0,1,1
1.01993790431572,0.153704432273235,1,0,0
-0.00366236281737796,-1.36231738626986,1,0,0
0.0818399275341476,-1.01852401627617,1,0,1
-0.666934373493686,0.90276650487325,1,0,0
-1.19707900630415,0.529874329812287,1,0,0
-0.420498571938691,2.03472909485524,1,0,0
-1.46995507180585,-0.51132917869845,1,0,0
-0.25322249733975,1.24193509223928,1,0,0
1.07579320888362,0.704105198585821,1,0,0
-0.0289752986434807,0.985013228777973,0,1,0
0.83606956338899,-0.555448675474331,1,0,0
0.88840202349443,-0.16318355826525,0,0,1
1.1572210570493,0.895283442342567,1,1,0
1.05284701702428,0.460000312291549,1,0,0
0.260055521044997,-1.06656770939598,1,1,1
0.068088694255986,-0.115248646118719,0,0,1
0.420414471652578,-1.71034332069637,1,0,0
0.627716942896406,-0.566375524429568,0,0,1
0.57700490689164,0.526064522140404,1,0,0
1.25048059556067,0.657480939648045,1,0,0
-1.85808481640085,0.179096897330668,1,1,0
0.25926408372149,0.460194552390264,0,1,1
1.092667762475,0.846564132357543,1,0,0
-0.059390347393375,-0.321314079949364,1,0,0
0.833401311700024,-0.647640950746144,1,0,0
1.34136623967401,-0.429344975487212,1,0,1
-1.9524976902212,0.388725241640972,1,0,0
0.0940461179189039,1.30522752253327,1,0,0
-0.202858264894059,0.376899321359198,0,0,0
-1.27219800974006,0.301434068917354,0,0,0
-0.954488565823624,-0.202462856998728,1,0,0
-0.457597993309534,-0.791525667351501,1,0,0
-0.547047429183624,-0.55133216483406,0,0,1
0.381120351156206,0.233277566535543,1,0,0
0.936663858813746,-1.11040852184932,1,0,1
-0.23593360875828,0.51320438436574,1,0,0
0.352633496297077,-1.08436315354745,0,0,1
-0.316485915736819,-0.00240975485741201,1,0,0
-0.126331895101771,1.0664235412618,1,0,0
0.956078255325153,1.071911897932,1,0,0
1.90436016014284,0.614027563698311,1,0,1
-1.48945796771907,-0.75952429318856,1,0,0
-0.122634062542766,-1.80066002377097,1,1,1
-0.0405725655124176,0.486332465698967,0,0,0
-0.479778217523464,1.0450755814469,1,1,0
1.36588096299071,0.678987859306489,1,0,0
1.66864382749993,-0.548902924053452,1,0,1
0.0657809098176422,-0.429748062381824,1,0,0
1.5764073229773,1.11139564909842,1,1,0
-0.46240810014257,1.33780618787774,0,0,0
-1.74582383206835,-0.457757876257879,1,0,0
0.846345899822155,0.0515494281341806,1,0,0
-1.68784325410654,-0.366271894712206,1,0,0
0.654245680054984,-0.010020299268207,1,0,0
-0.468861763692819,-0.0522370320187862,1,1,0
0.644279524562043,0.222367370900894,1,0,0
-1.88970591946676,1.28674072529214,0,0,0
-0.260496304099189,0.455630380364989,1,0,0
0.593679243706668,0.201165750063251,0,0,1
0.0610915939984381,-0.0287488476700643,1,0,0
-1.50322912435752,0.235775329426569,1,0,0
0.318682937615356,1.25994208925208,0,0,0
-0.356077077818256,0.555816425086913,1,0,0
0.363971912554242,1.62135978663744,1,0,0
0.968988368314612,-0.826115435491956,1,0,1
-0.612932499148485,-0.715721146903452,1,0,0
-0.314881557517695,-0.0813022728299887,1,1,0
-1.15630030421122,-1.59709158630008,1,0,0
0.419139348397005,-0.267603829679281,0,0,1
-1.5591912803954,-1.03274264950609,1,0,0
-0.167224370637945,2.35714582185895,1,0,0
1.45243811553951,-0.080573469242385,1,0,0
0.0498471296219337,0.558339547770404,1,0,0
-0.167097410549939,-0.275378029412374,1,0,0
-0.00594944739404451,-0.769999526907823,1,0,0
-0.572444106614042,0.69664571339374,1,1,0
0.163320601956206,0.73613227748814,1,0,0
-0.119209740200503,0.449289904844158,1,1,0
-0.0310789700096011,-0.208380296142618,1,0,0
-0.594856952919254,1.41824573601285,1,0,0
-0.174517456194423,0.124140249273169,1,0,0
-0.286812965938707,0.951232157228318,0,0,0
-0.647006062103445,0.184205003762684,1,0,0
0.621908357555759,0.891884915384303,0,1,0
-1.62282080236614,0.15155046176634,1,0,0
-1.17257628373403,-0.263816067471804,1,0,0
1.32472561757607,1.05363143235906,1,0,0
0.290160326984686,-0.953074549706975,1,1,1
0.506695048919614,0.228641978573816,1,0,0
0.198702313876229,-2.56415905362679,1,0,1
-0.109687697900421,0.945077372628382,1,1,0
-0.860787031650403,0.414558233277306,1,0,0
-0.859642217104421,1.06849250085962,1,0,0
0.260504509161261,-0.190893783262711,0,1,1
1.72589110847183,1.61243887098443,1,0,0
0.174707896649201,-0.0506490715723913,0,1,1
-0.526855734102423,-0.652611298487593,1,1,0
-0.635263891223485,1.34849442828777,1,0,0
-1.49245529780704,-0.106102742783711,0,0,1
0.301079420120686,-0.159998275138622,0,0,1
0.22489929940116,-0.924727628526505,1,1,1
0.719649177976915,-0.884293357464023,0,0,1
-0.530693982554795,0.259157624247587,1,0,0
-0.379505915178277,1.24314073439245,1,0,0
-2.33843369332129,0.0214031602654378,1,0,0
0.0365879070393854,-0.376648279213357,1,0,0
0.920514447032128,-0.381167171825466,1,1,0
0.292970982343836,1.27789588273338,1,0,0
1.09773029352507,0.0745104476467256,1,0,0
-0.347677963551049,1.02823155788164,0,1,0
1.42847050704759,-0.194027472467743,1,1,0
-1.16142039291694,0.0892303312707867,1,0,0
0.285265433469264,0.386493514715101,1,0,0
1.51443895142418,-0.150937250119668,1,0,0
-1.09151838797696,0.560681288635835,1,1,0
1.68186254861802,0.0805934570105983,1,0,0
0.51008034001983,0.405588452021508,0,0,1
1.17954652476261,-0.0657522605723573,1,0,1
0.465134067910839,-0.789944778786495,1,0,0
0.625217014187435,-1.23031307002414,0,0,1
-1.38756334026371,0.380597582519375,1,1,0
0.354541354950966,-0.0227961900192856,1,0,0
-0.518686729205796,-0.102826245836553,0,0,0
-1.47232773694418,1.13604219479236,1,1,0
-1.00206362820336,0.0766848605853025,1,0,0
-0.405649937471754,-0.277474527659944,1,1,0
-0.70453710412712,0.447662367343159,1,1,0
1.26686381011933,-1.55051216830166,1,0,1
1.44230165352584,1.32248413902079,0,1,0
0.0527286685859589,-1.06872798997064,0,1,1
